Image_ID,F_Product_ID,Image_URL,Description,Sort_order,Upload_date
276,1,vege\1_umhunRxzqn.jpg,,0,2023/5/12
277,2,vege\2_dUxHmeJCmu.jpg,,0,2021/3/24
278,3,vege\3_FbERIZlNzA.jpg,,0,2022/6/15
279,4,vege\4_rpIKbLFKBY.jpg,,0,2023/11/14
280,5,vege\5_oizkSSVmUK.jpg,,0,2023/9/23
281,6,vege\6_oqblupbLOm.jpg,,0,2023/4/10
282,7,vege\7_YspCoFjsux.jpg,,0,2022/9/14
283,8,vege\8_JwwXRlVggC.jpg,,0,2023/9/4
284,9,vege\9_mUSNpviqVS.jpg,,0,2023/1/4
285,10,vege\10_armOsivqoP.jpg,,0,2022/3/24
286,11,vege\11_hFiIEuSuSg.jpg,,0,2023/10/31
287,12,vege\12_gwdHstwlqO.jpg,,0,2021/10/13
288,13,vege\13_joOUUvqwic.jpg,,0,2022/8/1
289,14,vege\14_gpWvObGHHp.jpg,,0,2021/10/14
290,15,vege\15_bOwCOAsKYV.jpg,,0,2021/7/14
291,16,vege\16_bUdKSBsaOr.jpg,,0,2022/5/29
292,17,vege\17_hiGEtzHPcu.jpg,,0,2023/12/27
293,18,vege\18_mdFdiaNeRl.jpg,,0,2021/10/28
294,19,vege\19_CSnLHoZTQc.jpg,,0,2022/9/28
295,20,vege\20_kPtiFWkVCw.jpg,,0,2021/7/22
296,21,vege\21_VXkLaiAkPi.jpg,,0,2021/6/1
297,22,vege\22_weczYNXvKy.jpg,,0,2022/11/8
298,23,vege\23_edrHWCKhwU.jpg,,0,2023/8/25
299,24,vege\24_gDfXXlFNfD.jpg,,0,2021/7/26
300,25,vege\25_OtNHIvpUye.jpg,,0,2022/12/26
301,26,vege\26_DCfOWOKoUm.jpg,,0,2023/6/9
302,27,shrimp\1_JyCmVbkgfy.jpg,,0,2022/10/10
303,28,shrimp\2_LNVEqzvMCY.jpg,,0,2022/2/23
304,29,shrimp\3_tGCajDBTlL.jpg,,0,2023/9/4
305,30,shrimp\4_pqjecuYCYe.jpg,,0,2023/6/26
306,31,shrimp\5_BLQWqVIzLH.jpg,,0,2023/12/4
307,32,shrimp\6_sYjgrwHGgH.jpg,,0,2022/6/18
308,33,shrimp\7_wdFHUzkhhx.jpg,,0,2021/5/8
309,34,shrimp\8_LdsfJPeKLo.jpg,,0,2021/1/29
310,35,pork\1_hBwJZjYtct.jpg,,0,2021/7/11
311,36,pork\2_SIDNjqLiOr.jpg,,0,2023/3/28
312,37,pork\3_YtdrZJhGNS.jpg,,0,2021/1/3
313,38,pork\4_MqiFXJepuW.jpg,,0,2023/10/8
314,39,pork\5_HXUsCbCJkv.jpg,,0,2022/11/14
315,40,pork\6_ZhPUqsZTej.jpg,,0,2022/5/15
316,41,pork\7_tzYOytiEIz.jpg,,0,2022/10/29
317,42,pork\8_SPacAKaBNF.jpg,,0,2021/5/9
318,43,pork\9_YQZoASGnii.jpg,,0,2022/1/27
319,44,pork\10_mZaGJdTjzO.jpg,,0,2022/3/31
320,45,pork\11_SivztOCjjL.jpg,,0,2022/5/4
321,46,beef\1_JqEaVKmkld.jpg,,0,2021/10/19
322,47,beef\2_mChyPjroVZ.jpg,,0,2023/7/7
323,48,beef\3_nJJmsObnTQ.jpg,,0,2021/7/6
324,49,beef\4_DQeTUrHOSi.jpg,,0,2021/6/14
325,50,beef\5_lKCKFBDVAZ.jpg,,0,2022/10/18
326,51,beef\6_YLsgPtVuAy.jpg,,0,2023/11/7
327,52,beef\7_KbqLLufFsm.jpg,,0,2023/9/30
328,53,beef\8_UACsTnGXKi.jpg,,0,2021/8/12
329,54,beef\9_MchUGJOdRa.jpg,,0,2022/9/10
330,55,beef\10_bcwMEOWlFI.jpg,,0,2022/8/20
331,56,beef\11_isQynfkstn.jpg,,0,2021/9/13
332,57,beef\12_DOFTmPaAGX.jpg,,0,2022/11/13
333,58,beef\13_GSdPPwrXmr.jpg,,0,2022/2/21
334,59,beef\14_fbeObYCALh.jpg,,0,2022/8/13
335,60,beef\15_SQdlofMMnM.jpg,,0,2023/7/1
336,61,beef\16_zmBGokdOLm.jpg,,0,2021/7/7
337,62,beef\17_NaqXBUgyQu.jpg,,0,2023/2/28
338,63,beef\18_PBDipFIJns.jpg,,0,2022/10/12
339,64,chicken\1_JVEfVBikJh.jpg,,0,2022/5/11
340,65,chicken\2_uShEIiqQfW.jpg,,0,2022/8/18
341,66,chicken\3_woQJCtlkwv.jpg,,0,2022/1/12
342,67,chicken\4_fhacwQzjVd.jpg,,0,2022/1/23
343,68,chicken\5_DAJKLachIH.jpg,,0,2022/1/18
344,69,chicken\6_PIldvUfozJ.jpg,,0,2021/3/9
345,70,chicken\7_CYhoqJIhlw.jpg,,0,2022/6/17
346,71,chicken\8_NGjTXuaeyO.jpg,,0,2023/9/3
347,72,chicken\9_VzPMjQPHHX.jpg,,0,2021/5/22
348,73,chicken\10_EzeteaBUNT.jpg,,0,2021/7/3
349,74,chicken\11_rxmLKLWyBF.jpg,,0,2021/9/24
350,75,chicken\12_UxwMyroOLY.jpg,,0,2021/11/3
351,76,fish\1_OYvlfNStBh.jpg,,0,2021/3/21
352,77,fish\2_ultvLvCUbq.jpg,,0,2021/6/14
353,78,fish\3_vNtJyYaTer.jpg,,0,2023/3/13
354,79,fish\4_tXzHzixpAP.jpg,,0,2023/12/11
355,80,fish\5_yOcBNOkIJN.jpg,,0,2022/7/19
356,81,fish\6_KeOHybUTZo.jpg,,0,2023/12/5
357,82,fish\7_iapnTYINZr.jpg,,0,2022/4/28
358,83,fish\8_WaiBRoSrqo.jpg,,0,2022/3/17
359,84,fish\9_ugDwqLrUDm.jpg,,0,2023/5/9
360,85,fish\10_kpsGwSVtau.jpg,,0,2022/7/18
361,86,fish\11_qfGWCqNhOh.jpg,,0,2023/7/12
362,87,fish\12_yPaqNQFQZp.jpg,,0,2023/10/6
363,88,fish\13_SqopaFgZNX.jpg,,0,2023/1/2
364,89,fish\14_SOlUsedCig.jpg,,0,2021/6/18
365,90,fish\15_sGWDoNSAsY.jpg,,0,2022/10/27
366,91,fish\16_ToSuTkBQrD.jpg,,0,2021/8/25
367,92,fish\17_xmACebbLxS.jpg,,0,2023/9/24
368,93,fish\18_enSCyDimxR.jpg,,0,2022/11/18
369,94,fish\19_qjaiEbfGah.jpg,,0,2022/1/25
370,95,fish\20_UkNLlQiTGW.jpg,,0,2022/5/13
371,96,fish\21_noAzrcYNJN.jpg,,0,2021/2/3
372,97,fish\22_iyNnfIJGed.jpg,,0,2022/7/10
373,98,fish\23_TtrxNUVGKJ.jpg,,0,2021/8/28
374,99,fish\24_zizjdFxaGi.jpg,,0,2022/3/28
375,100,fish\25_vNRPENGHAf.jpg,,0,2023/2/1
376,101,fish\26_VRDIoobwCC.jpg,,0,2021/12/16
377,102,fish\27_MywVZFFMGv.jpg,,0,2022/11/13
378,103,prime\1_sCASDDSGBs.jpg,,0,2023/5/23
379,104,prime\2_iEICEvZoYl.jpg,,0,2021/5/8
380,105,prime\3_bboSvlSHMK.jpg,,0,2021/7/26
381,106,prime\4_wIduOqWBLy.jpg,,0,2021/10/27
382,107,prime\5_XAmZPucXMm.jpg,,0,2022/3/25
383,108,prime\6_mnlbqkihIz.jpg,,0,2021/4/3
384,109,prime\7_TbIzFRNfSd.jpg,,0,2021/6/1
385,110,prime\8_wmCzqKQptH.jpg,,0,2021/2/24
386,111,prime\9_nLQlTjtlqQ.jpg,,0,2021/9/12
387,112,prime\10_dvcdxHYxzK.jpg,,0,2022/1/22
388,113,prime\11_gyNClFmkoQ.jpg,,0,2021/9/3
389,114,prime2\1_hPmOAxveUa.jpg,,0,2023/3/13
390,115,prime2\2_VlIAodVTUR.jpg,,0,2021/7/7
391,116,prime2\3_nDwWKRUPkH.jpg,,0,2023/1/29
392,117,prime2\4_YRQakYJJbc.jpg,,0,2021/8/26
393,118,prime2\5_PKxuOvjKDY.jpg,,0,2021/3/16
394,119,prime2\6_VrqgJSpjZk.jpg,,0,2021/2/14
395,120,prime2\7_JqcpwOFntZ.jpg,,0,2022/2/3
396,121,prime2\8_UJUikZDyYM.jpg,,0,2022/1/14
397,122,fruite\1_lPaoEakhNM.jpg,,0,2021/9/11
398,123,fruite\2_KyTmqytIjs.jpg,,0,2023/9/9
399,124,fruite\3_XqasZcZjWb.jpg,,0,2022/3/8
400,125,fruite\4_LdZpJtmGtG.jpg,,0,2021/5/6
401,126,fruite\5_WduhLfBzFs.jpg,,0,2021/2/16
402,127,fruite\6_sHYJOHzsnw.jpg,,0,2023/5/22
403,128,fruite\7_hsPFZggwKw.jpg,,0,2021/7/27
404,129,fruite\8_TjaVhGpGJF.jpg,,0,2022/6/17
405,130,fruite\9_FMsEfprmRm.jpg,,0,2021/5/24
406,131,fruite\10_vIIsETKkNR.jpg,,0,2022/3/29
407,132,fruite\11_CiTAOPmBeF.jpg,,0,2021/5/28
408,133,fruite\12_lBanDICdnx.jpg,,0,2022/9/9
409,134,fruite\13_pfYXdbzCRC.jpg,,0,2022/12/19
410,135,fruite\14_NrkWlFfWKl.jpg,,0,2023/6/13
411,136,fruite\15_UoklzRFiMR.jpg,,0,2022/1/5
412,137,su\1_hDMKTKyGfB.jpg,,0,2021/5/6
413,138,su\2_tuClrsSebZ.jpg,,0,2023/10/29
414,139,su\3_qISzxFzODJ.jpg,,0,2023/8/15
415,140,su\4_IzcbQEFFxR.jpg,,0,2021/3/22
416,141,su\5_OfUaPlQyyk.jpg,,0,2021/7/26
417,142,su\6_SCnNeeZaSz.jpg,,0,2023/3/13
418,143,su\7_raiMIHyXRh.jpg,,0,2022/2/13
419,144,su\8_XJSSeNVIbM.jpg,,0,2022/6/17
420,145,su\9_oyRzAjaqnP.jpg,,0,2023/1/5
421,146,su\10_aXtVYgiKmy.jpg,,0,2023/8/22
422,147,su\11_gGDPGsbFdM.jpg,,0,2021/12/13
423,148,su\12_jSssWXTFiU.jpg,,0,2022/2/21
424,149,su\13_jXELYuzpSQ.jpg,,0,2021/4/29
425,150,su\14_kkZZEZbDcK.jpg,,0,2021/11/21
426,151,su\15_yLpafZrOAP.jpg,,0,2021/11/21
427,152,su\16_sygBaXExrh.jpg,,0,2021/11/21
