Image_ID,F_Class_ID,Image_URL,Description,Sort_order,Upload_date
1,1,23_UzfVAtzihk.jpg,,,
2,1,40_sWicKSxrqJ.jpg,,,
3,2,46_sDbPBNzEOf.jpg,,,
4,3,9_roqXEUjvyu.jpg,,,
5,3,10_BEdJhSEVXZ.jpg,,,
6,4,55_RXrFCpOsEV.jpg,,,
7,5,3_UiGLnSOEVm.jpg,,,
8,5,41_oZwWNcTwkU.jpg,,,
9,5,47_oChEGBQVxG.jpg,,,
10,6,61_RFIYNnNKxB.jpg,,,
11,7,19_cWnpsZwsHy.jpg,,,
12,7,51_PiWrBAFNOr.jpg,,,
13,8,24_WBHwjjnqUG.jpg,,,
14,8,39_ALVDjJgTHT.jpg,,,
15,9,45_bDYwagqIcx.jpg,,,
16,10,6_DIxuwCvHSu.jpg,,,
17,11,60_ejKvWKOqCS.jpg,,,
18,12,31_MvXugZTQsM.jpg,,,
19,12,38_yMIGaLGAfJ.jpg,,,
20,12,48_JjvVNuJeDO.jpg,,,
21,12,52_HJYDRDKjgI.jpg,,,
22,12,59_jKIRAJtFaF.jpg,,,
23,13,8_sxVeYmWVRr.png,,,
24,14,7_pnfoDoWrUa.png,,,
25,14,34_gqsIgxxBPI.png,,,
26,14,57_xjNpAnhjZd.jpg,,,
27,15,25_JcehImBtVc.jpg,,,
28,15,26_OTACbPlQhS.jpg,,,
29,15,27_czPppuRNwG.jpg,,,
30,15,28_ZDUUCQhBPr.jpg,,,
31,15,29_prvIcgwtLA.jpg,,,
32,16,14_FGQwpShTnl.jpg,,,
33,16,15_eknfSHvyJb.jpg,,,
34,16,16_PYeLHMFNXL.jpg,,,
35,16,17_uyRMnkRbKX.jpg,,,
36,16,18_dEFOiQneTC.jpg,,,
37,17,5_AeoBzxAfxY.jpg,,,
38,17,2_gZclRbCtRu.jpg,,,
39,17,1_MVMlYcSvoU.jpg,,,
40,17,35_OtYOEDTVRZ.jpg,,,
41,18,53_wEbWCKdaIZ.jpg,,,
42,18,58_FCFBClKvvJ.png,,,
43,18,44_ALhnAzsgFu.jpg,,,
44,19,43_gZLWhfBHRW.jpg,,,
45,19,64_WCkRoLrxkz.jpg,,,
46,19,11_cThkXwbwoa.jpg,,,
47,20,54_DjVHwsYTNO.jpg,,,
48,20,37_aGKEJWYhQv.jpg,,,
49,20,36_UbZORDuqmu.jpg,,,
50,20,13_uGVzBWQQUt.jpg,,,
51,21,50_wjTuSZJJnV.jpg,,,
52,21,49_guEpaqVfzA.jpg,,,
53,21,42_ISGutaNZOF.jpg,,,
54,21,33_fxuwIYthBB.jpg,,,
55,21,62_UUOIczwSnb.jpg,,,
56,22,21_XVVEtRQOeS.jpg,,,
57,22,20_WAdtpihmwN.jpg,,,
58,22,32_erpiMNocRA.jpg,,,
59,22,12_EOyGVgsTwy.jpg,,,
60,22,22_MQiEJFRdeB.jpg,,,
61,23,63_tAwXYrWypc.jpg,,,
62,23,30_TuKmVBybie.jpg,,,
63,23,56_amciDRldew.jpg,,,
64,23,4_YRrEeOxGIF.jpg,,,
